股票代码,股票简称,最新价,最新涨跌幅,涨跌停,连续涨停天数,连续跌停天数,首次涨停时间,最终涨停时间,涨停原因类别,首次跌停时间,最终跌停时间,跌停原因类型,market_code,code
002149.SZ,西部材料,43.56,10.000000000000002,涨停,2,0, 10:13:48, 13:52:12,商业航天+可控核聚变+超导+国企,,,,33,002149
000638.SZ,*ST万方,3.17,-5.089820359281435,跌停,0,9,,,, 09:25:00, 09:25:00,退市风险+业绩预亏+监管立案,33,000638
300051.SZ,琏升科技,10.8,20.000000000000007,涨停,1,0, 14:45:15, 14:45:15,HJT电池+航天应用+定增4.7亿,,,,33,300051
605016.SH,百龙创园,24.73,10.008896797153024,涨停,1,0, 13:01:09, 13:01:09,业绩高增+阿洛酮糖+功能糖,,,,17,605016
600076.SH,康欣新材,4.22,9.89583333333333,涨停,1,0, 09:50:06, 09:50:06,拟购宇邦半导体51%股权+拟转让林地资产+集装箱底板+国企改革,,,,17,600076
000630.SZ,铜陵有色,6.86,9.935897435897438,涨停,1,0, 13:15:18, 14:44:15,黄金+铜箔+稀贵金属+国企,,,,33,000630
601212.SH,白银有色,10.37,9.968186638388117,涨停,4,0, 09:34:31, 09:47:49,黄金+白银+锂电材料,,,,17,601212
600586.SH,金晶科技,6.68,10.049423393739694,涨停,1,0, 10:20:49, 13:59:03,钙钛矿电池+TCO玻璃+光伏概念,,,,17,600586
002816.SZ,*ST和科,27.3,5.000000000000002,涨停,1,0, 09:35:06, 09:38:54,半导体+储能线束+国企+扭亏,,,,33,002816
002150.SZ,正泰电源,23.76,10.0,涨停,1,0, 09:55:30, 09:55:30,光伏逆变器+储能系统+北美市场,,,,33,002150
002112.SZ,三变科技,23.96,10.009182736455461,涨停,1,0, 10:05:18, 10:05:18,电网设备+变压器+欧洲设子公司+地方国资,,,,33,002112
002636.SZ,金安国纪,25.63,9.999999999999993,涨停,2,0, 09:32:42, 13:08:00,2025年报预增+覆铜板+PCB概念,,,,33,002636
600525.SH,ST长园,4.86,4.967602591792666,涨停,2,0, 11:01:41, 11:01:41,电网设备+储能中标+新能源合同,,,,22,600525
600118.SH,中国卫星,108.9,10.000000000000005,涨停,1,0, 13:17:03, 14:53:48,商业航天+卫星研制+央企,,,,17,600118
001316.SZ,润贝航科,53.0,10.004151100041511,涨停,2,0, 10:24:57, 10:24:57,商业航天+低空经济+航材分销,,,,33,001316
600552.SH,凯盛科技,15.28,10.007199424046068,涨停,1,0, 10:10:38, 10:30:23,商业航天+太空光伏+固态电池+央企,,,,17,600552
002471.SZ,中超控股,8.56,10.02570694087404,涨停,2,0, 09:25:00, 09:25:00,商业航天+高温合金+电线电缆,,,,33,002471
600340.SH,华夏幸福,1.77,9.93788819875776,涨停,1,0, 09:34:36, 09:51:00,机器人+债务重组+产业新城,,,,17,600340
300102.SZ,乾照光电,39.17,20.006127450980394,涨停,1,0, 13:16:15, 13:16:15,太空光伏+商业航天+砷化镓电池+光通信芯片,,,,33,300102
603806.SH,福斯特,17.31,9.97458703939008,涨停,1,0, 09:50:16, 09:50:16,太空光伏+光伏胶膜+AI PCB,,,,17,603806
000561.SZ,烽火电子,13.15,10.04184100418411,涨停,1,0, 10:48:06, 10:48:06,商业航天+人形机器人+陕西国资+军工通信,,,,33,000561
002792.SZ,通宇通讯,52.17,9.993674889310567,涨停,1,0, 10:43:06, 10:44:45,商业航天+卫星通信+6G,,,,33,002792
601702.SH,华峰铝业,23.09,10.00476417341592,涨停,1,0, 14:42:31, 14:54:01,铝板带箔+特斯拉+新能源汽车,,,,17,601702
600531.SH,豫光金铅,16.94,10.000000000000005,涨停,1,0, 09:52:25, 10:13:40,白银+黄金+铅铜龙头+国企改革,,,,17,600531
600732.SH,爱旭股份,14.74,10.0,涨停,1,0, 09:49:10, 13:18:16,BC电池+海外高溢价+业绩减亏+光伏设备,,,,17,600732
000593.SZ,德龙汇能,16.1,9.97267759562842,涨停,1,0, 09:50:21, 09:50:21,天然气+氢能中心+控制权变更,,,,33,000593
002342.SZ,巨力索具,13.54,9.991876523151896,涨停,3,0, 09:30:36, 09:30:36,商业航天+深海系泊+索具龙头,,,,33,002342
002931.SZ,锋龙股份,99.53,10.002210433244914,涨停,18,0, 09:25:00, 09:47:45,优必选入主+机器人概念+园林机械,,,,33,002931
601118.SH,海南橡胶,6.78,10.064935064935067,涨停,1,0, 09:34:35, 09:44:11,海南自贸区+橡胶龙头+海南国资,,,,17,601118
600228.SH,*ST返利,5.63,5.037313432835813,涨停,2,0, 11:13:47, 11:13:47,AI导购+电商零售+毛利率转正,,,,22,600228
000751.SZ,锌业股份,5.72,9.999999999999991,涨停,1,0, 10:41:21, 10:42:27,有色金属+三季报增长+锌铜冶炼,,,,33,000751
001400.SZ,江顺科技,121.57,9.998190372783204,涨停,1,0, 13:02:09, 13:02:09,商业航天+铝挤压模具+风电装备,,,,33,001400
002592.SZ,ST八菱,10.92,4.999999999999996,涨停,2,0, 10:14:42, 10:14:42,汽车零部件+新能源基地+股权转让+散热器,,,,33,002592
000159.SZ,国际实业,7.47,10.014727540500733,涨停,1,0, 13:07:03, 13:07:03,光伏支架+拟收购怡宝矿业+油品批发,,,,33,000159
000004.SZ,*ST国华,12.59,5.004170141784818,涨停,2,0, 13:56:33, 13:56:33,AI大模型+鸿蒙安全+移动安全,,,,33,000004
002810.SZ,山东赫达,18.59,10.000000000000007,涨停,1,0, 13:05:03, 13:05:03,纤维素醚+植物胶囊+锂电池,,,,33,002810
002993.SZ,奥海科技,53.33,10.004125412541256,涨停,1,0, 13:55:54, 13:55:54,AI服务器电源+机器人电源+光伏逆变器,,,,33,002993
600735.SH,ST新华锦,6.51,4.999999999999994,涨停,3,0, 09:25:04, 09:25:04,控股股东破产重整+机器人概念+发制品出口,,,,22,600735
300724.SZ,捷佳伟创,134.1,19.999999999999996,涨停,1,0, 11:11:42, 11:11:42,光伏设备+半导体设备+三季报增长,,,,33,300724
600481.SH,双良节能,7.85,9.943977591036415,涨停,1,0, 09:30:00, 09:30:00,中标空冷+氢能装备+光伏硅料,,,,17,600481
688726.SH,拉普拉斯,55.54,20.0086430423509,涨停,1,0, 09:40:45, 09:46:18,钙钛矿设备+BC电池,,,,17,688726
600879.SH,航天电子,31.46,9.999999999999998,涨停,1,0, 10:56:58, 14:46:19,商业航天+增资+央企,,,,17,600879
003042.SZ,中农联合,19.09,10.028818443804024,涨停,1,0, 10:55:48, 10:57:45,供销社+中俄贸易+农药原药,,,,33,003042
688223.SH,晶科能源,6.9,20.000000000000004,涨停,1,0, 13:01:32, 14:39:41,太空光伏+钙钛矿叠层+TOPCon龙头,,,,17,688223
300118.SZ,东方日升,20.76,20.000000000000007,涨停,1,0, 09:38:30, 09:38:30,太空光伏+HJT+光储一体化,,,,33,300118
600959.SH,江苏有线,4.07,10.000000000000004,涨停,1,0, 13:02:55, 15:00:01,商业航天+算力云网+江苏国资,,,,17,600959
688556.SH,高测股份,17.84,19.97310020174849,涨停,1,0, 13:54:14, 14:22:56,光伏切割+人形机器人+钨丝腱绳,,,,17,688556
002679.SZ,福建金森,13.15,10.04184100418411,涨停,1,0, 13:27:54, 13:27:54,林业+碳汇+康养基地+国企,,,,33,002679
600537.SH,亿晶光电,3.23,9.863945578231293,涨停,1,0, 09:39:03, 13:00:06,光伏设备+钙钛矿电池+TOPCon电池+超跌反弹,,,,17,600537
002218.SZ,拓日新能,5.46,10.080645161290322,涨停,1,0, 09:31:24, 09:31:24,回购注销+自持电站+钙钛矿,,,,33,002218
002943.SZ,宇晶股份,66.31,10.00331785003318,涨停,2,0, 09:25:00, 09:25:00,光伏概念+碳化硅设备+消费电子+机器人概念,,,,33,002943
300780.SZ,德恩精工,31.32,19.999999999999993,涨停,1,0, 09:31:54, 10:31:15,商业航天+机器人+机械传动,,,,33,300780
002623.SZ,亚玛顿,20.71,9.984067976633046,涨停,1,0, 11:19:00, 11:19:00,钙钛矿电池+特斯拉+超薄光伏玻璃,,,,33,002623
000607.SZ,华媒控股,5.04,10.043668122270741,涨停,1,0, 09:47:03, 11:14:33,数字人+杭州国资+文化传媒,,,,33,000607
688002.SH,睿创微纳,123.31,19.99805371739976,涨停,1,0, 10:02:24, 10:02:24,2025年报预增+商业航天+红外芯片,,,,17,688002
603878.SH,武进不锈,8.98,10.04901960784314,涨停,1,0, 13:51:40, 13:51:40,不锈钢管+核电+光热发电,,,,17,603878
002323.SZ,雅博股份,1.86,10.059171597633144,涨停,1,0, 13:05:27, 13:05:27,光伏建筑一体化+枣庄国资,,,,33,002323
002202.SZ,金风科技,29.58,10.003718854592776,涨停,1,0, 10:40:18, 10:40:18,商业航天+风电龙头+绿氢氨醇,,,,33,002202
000990.SZ,诚志股份,9.21,10.035842293906832,涨停,1,0, 14:04:27, 14:55:57,POE胶膜+国企改革+半导体显示材料,,,,33,000990
002569.SZ,*ST步森,15.71,5.013368983957219,涨停,2,0, 09:32:09, 14:55:30,ST板块+宝鸡国资+男装品牌,,,,33,002569
603261.SH,*ST立航,32.41,4.988662131519259,涨停,3,0, 14:39:58, 14:56:43,航空装备+C919配套,,,,22,603261
300986.SZ,志特新材,39.84,20.0,涨停,1,0, 09:36:27, 09:55:39,此前完成停牌核查+AI4S+铝模+一带一路,,,,33,300986
002231.SZ,*ST奥维,0.73,-5.194805194805199,跌停,0,11,,,, 09:25:00, 09:25:00,退市风险+连续跌停+市值低于5亿,33,002231
002088.SZ,鲁阳节能,12.87,10.0,涨停,1,0, 10:30:00, 10:30:00,隔热材料+陶瓷纤维+锂电池纤维纸+节能降碳,,,,33,002088
600293.SH,三峡新材,3.63,10.000000000000004,涨停,1,0, 09:35:44, 11:26:17,硅能源+电子玻璃+国企改革,,,,17,600293
603939.SH,益丰药房,24.81,10.022172949002208,涨停,1,0, 09:31:00, 13:58:54,连锁药房+政策利好+线上提速,,,,17,603939
002405.SZ,四维图新,11.24,9.980430528375729,涨停,1,0, 13:41:57, 13:41:57,智驾定点+商业航天+业绩预增,,,,33,002405
000820.SZ,*ST节能,4.24,4.950495049504955,涨停,2,0, 09:40:39, 10:29:36,储能中标+固废处理+ST板块,,,,33,000820
000592.SZ,平潭发展,10.78,9.999999999999984,涨停,1,0, 10:30:15, 10:38:51,福建自贸区+林木主业+菌草纤维板,,,,33,000592
001270.SZ,*ST铖昌,136.21,5.0030835646006855,涨停,2,0, 09:31:48, 09:37:12,商业航天+低轨卫星+T/R芯片,,,,33,001270
688516.SH,奥特维,90.01,19.997333688841486,涨停,1,0, 09:49:19, 10:45:19,太空光伏+光模块AOI+半导体封测+光伏设备,,,,17,688516
603200.SH,上海洗霸,88.98,10.001236246754857,涨停,1,0, 13:06:07, 13:34:34,固态电池+液冷服务器+低空经济,,,,17,603200
300391.SZ,*ST长药,0.92,19.480519480519483,涨停,4,0, 09:30:12, 09:33:51,退市风险+中药大健康+光伏设备,,,,33,300391
603095.SH,越剑智能,21.6,9.979633401222,涨停,2,0, 09:31:10, 09:39:28,纺织机械+高端装备,,,,17,603095
001203.SZ,大中矿业,33.15,9.986728599867279,涨停,1,0, 14:09:21, 14:09:21,碳酸锂涨价+锂矿放量+铁矿龙头,,,,33,001203
002492.SZ,恒基达鑫,9.03,9.987819732034087,涨停,1,0, 09:48:30, 09:48:30,横琴新区+创投+石化仓储,,,,33,002492
603396.SH,金辰股份,41.24,10.002667377967457,涨停,1,0, 09:32:48, 09:32:48,光伏设备+钙钛矿电池+海外布局,,,,17,603396
600986.SH,浙文互联,12.05,10.045662100456635,涨停,1,0, 09:48:19, 10:48:37,AI营销+GEO概念+浙江国资,,,,17,600986
600774.SH,汉商集团,11.55,10.000000000000007,涨停,1,0, 09:40:50, 09:44:32,创新药+辅助生殖+聚乳酸,,,,17,600774
000565.SZ,渝三峡A,8.8,10.000000000000009,涨停,1,0, 10:58:51, 10:58:51,辐射制冷+商业航天+军工涂料+重庆国资,,,,33,000565
688270.SH,臻镭科技,215.93,20.001111481604983,涨停,1,0, 11:20:03, 14:06:03,商业航天+卫星通信+芯片供应商,,,,17,688270
603612.SH,索通发展,29.15,9.999999999999996,涨停,1,0, 14:01:55, 14:56:16,固态电池+预焙阳极+海外扩产,,,,17,603612
603773.SH,沃格光电,42.55,10.005170630816954,涨停,1,0, 13:02:18, 13:02:18,商业航天+玻璃基板+CPO+MiniLED,,,,17,603773
300751.SZ,迈为股份,324.36,20.0,涨停,1,0, 09:35:18, 09:35:18,光伏设备+HBM设备,,,,33,300751
600916.SH,中国黄金,9.22,10.023866348448685,涨停,1,0, 09:51:23, 10:24:53,金价新高+黄金销售+央企,,,,17,600916
002339.SZ,积成电子,11.48,9.961685823754799,涨停,1,0, 10:02:33, 10:02:33,电网设备+中标+特高压,,,,33,002339
603051.SH,鹿山新材,27.57,10.015961691939353,涨停,1,0, 10:24:39, 10:24:39,太空光伏+人形机器人+电子皮肤,,,,17,603051
603078.SH,江化微,31.36,9.996492458786383,涨停,5,0, 09:25:01, 10:00:28,上海国资入主+芯片材料+光刻胶+复牌,,,,17,603078
003004.SZ,*ST声迅,29.67,4.989384288747345,涨停,1,0, 10:06:57, 14:38:39,AI医疗+智能安检+军工信息化+亏损收窄,,,,33,003004
603920.SH,世运电路,65.71,9.993304318714415,涨停,1,0, 13:01:32, 13:28:44,人形机器人+商业航天+佛山国资,,,,17,603920
601615.SH,明阳智能,21.65,10.01016260162601,涨停,2,0, 09:25:04, 09:25:04,收购芯片+氢能燃机+风电龙头+复牌,,,,17,601615
600498.SH,烽火通信,41.82,9.994739610731186,涨停,1,0, 10:18:49, 10:34:16,商业航天+光通信+央企,,,,17,600498
002667.SZ,威领股份,17.6,10.000000000000009,涨停,1,0, 14:36:30, 14:36:30,碳酸锂+郴州锂矿+有色金属,,,,33,002667
300861.SZ,美畅股份,19.3,20.024875621890562,涨停,1,0, 13:21:12, 14:17:21,光伏+金刚石线+钨丝金刚线,,,,33,300861
301149.SZ,隆华新材,13.8,20.000000000000004,涨停,1,0, 10:21:48, 10:21:48,聚醚扩产+人形机器人+新材料,,,,33,301149
002865.SZ,钧达股份,99.44,9.999999999999991,涨停,2,0, 09:30:12, 09:30:12,太空光伏+配售H股+TOPCon电池,,,,33,002865
300345.SZ,华民股份,8.0,19.940029985007495,涨停,1,0, 10:13:51, 13:25:36,晶澳增资+光伏硅片+人形机器人,,,,33,300345
002005.SZ,ST德豪,3.14,5.0167224080267525,涨停,1,0, 13:38:24, 14:56:03,三季报扭亏+LED封装+横琴新区+ST板块,,,,33,002005
000608.SZ,*ST阳光,3.55,5.029585798816566,涨停,1,0, 11:10:00, 13:12:33,控制权变更+商业地产+ST板块,,,,33,000608
002506.SZ,协鑫集成,3.14,10.17543859649123,涨停,1,0, 09:31:57, 09:31:57,光伏设备+TOPCon+光储一体化,,,,33,002506
920414.BJ,欧普泰,17.21,29.984894259818734,涨停,1,0, 09:32:33, 09:33:48,光伏检测+AI视觉,,,,151,920414
002658.SZ,雪迪龙,10.74,10.040983606557381,涨停,1,0, 09:56:18, 09:56:18,商业航天+芯片概念+碳监测,,,,33,002658
300385.SZ,雪浪环境,9.85,19.975639464068195,涨停,1,0, 10:48:27, 13:18:45,预重整+固废处理+常州国资,,,,33,300385
601012.SH,隆基绿能,19.35,10.00568504832292,涨停,1,0, 13:00:38, 13:00:38,光伏组件+BC电池+储能布局,,,,17,601012
920368.BJ,连城数控,47.16,29.988974641675842,涨停,1,0, 10:51:27, 13:00:03,光伏设备+半导体装备+隆基绿能,,,,151,920368
002058.SZ,*ST威尔,24.68,5.02127659574468,涨停,1,0, 13:00:24, 14:49:12,固态电池+铝塑膜+汽车检具,,,,33,002058
603130.SH,云中马,63.93,9.996558843771512,涨停,1,0, 14:05:17, 14:22:53,增资智造+革基布龙头+定增扩产,,,,17,603130
002721.SZ,金一文化,3.61,10.0609756097561,涨停,1,0, 09:59:39, 09:59:39,黄金+AI金融+海淀国资,,,,33,002721
600307.SH,酒钢宏兴,2.07,10.106382978723401,涨停,1,0, 13:51:55, 13:51:55,钢铁+甘肃国资+可控核聚变,,,,17,600307
603212.SH,赛伍技术,16.24,10.0271002710027,涨停,1,0, 09:35:00, 09:35:00,钙钛矿电池+半导体材料+AI新材料,,,,17,603212
688323.SH,瑞华泰,25.91,20.00926354793886,涨停,1,0, 10:09:45, 10:09:45,商业航天+PI薄膜+国产替代,,,,17,688323
605598.SH,上海港湾,65.8,9.99665663657639,涨停,1,0, 09:42:12, 09:55:39,商业航天+钙钛矿电池+一带一路,,,,17,605598
603843.SH,*ST正平,5.96,4.929577464788737,涨停,2,0, 09:25:01, 09:38:10,智算服务+有色金属+基建转型,,,,22,603843
603138.SH,海量数据,17.94,9.993868792152071,涨停,1,0, 14:41:04, 14:41:04,国产数据库+AI向量+信创,,,,17,603138
003038.SZ,鑫铂股份,18.81,9.999999999999982,涨停,1,0, 13:01:00, 13:01:00,人形机器人+光伏概念+飞行汽车+铝型材,,,,33,003038
000821.SZ,ST京机,12.56,5.0167224080267525,涨停,1,0, 11:15:21, 11:17:30,钙钛矿设备+光伏装备,,,,33,000821
002780.SZ,三夫户外,16.72,9.999999999999996,涨停,1,0, 14:54:42, 14:54:42,宇航服+冰雪产业+露营经济+X-BIONIC,,,,33,002780
000603.SZ,盛达资源,51.5,9.995728321230244,涨停,1,0, 13:19:27, 13:51:18,黄金+白银+并购扩张,,,,33,000603
300436.SZ,广生堂,96.28,20.00498566620964,涨停,1,0, 10:12:21, 10:21:51,乙肝创新药+国家专项+III期临床,,,,33,300436
001223.SZ,欧克科技,62.08,9.992912827781716,涨停,1,0, 13:07:45, 13:07:45,固态电池+PI薄膜+锂电设备,,,,33,001223
000591.SZ,太阳能,5.69,10.058027079303683,涨停,1,0, 09:42:30, 09:42:30,补贴到账+光伏电站+央企,,,,33,000591
301232.SZ,飞沃科技,224.92,20.002134130075216,涨停,1,0, 10:03:54, 10:39:27,商业航天+风电紧固件+扭亏为盈,,,,33,301232
003041.SZ,真爱美家,63.26,9.998261171970093,涨停,1,0, 11:08:24, 11:08:24,股权转让+AI智能体+毛毯龙头,,,,33,003041
